date,ret,close
0,0.01027171,404.1087
1,-0.00157186,403.4735
2,0.01621173,410.0145
3,-0.00096094,409.6205
4,-0.00516254,407.5058
5,0.00156702,408.1444
6,0.00443065,409.9527
7,0.01460364,415.9395
8,-0.00788412,412.6602
9,-0.00323383,411.3257
10,-0.01570446,404.8661
11,0.02463401,414.8396
12,0.02860529,426.7062
13,0.01003423,430.9878
14,0.00086902,431.3624
15,-0.00721618,428.2496
16,0.01870821,436.2614
17,-0.01261168,430.7594
18,-0.00524345,428.5007
19,0.00215637,429.4247
20,0.01419798,435.5217
21,-0.00491979,433.3790
22,0.00309074,434.7185
23,-0.00637008,431.9493
24,-0.01920945,423.6518
25,0.00616051,426.2617
26,-0.02128610,417.1882
27,0.01255336,422.4253
28,0.00847337,426.0047
29,0.02978926,438.6951
30,0.00176110,439.4677
31,-0.01837785,431.3912
32,0.00728452,434.5337
33,0.00112925,435.0244
34,-0.01413077,428.8771
35,0.00372172,430.4733
36,-0.01804114,422.7071
37,0.00953337,426.7369
38,-0.01589554,419.9537
39,0.00101910,420.3816
40,0.00510256,422.5267
41,0.01065255,427.0277
42,0.01782815,434.6408
43,-0.00585105,432.0977
44,-0.00048585,431.8877
45,0.00006146,431.9143
46,-0.00271328,430.7424
47,-0.00150587,430.0937
48,0.00573699,432.5612
49,0.00272261,433.7389
50,-0.02324798,423.6553
51,-0.00368096,422.0959
52,0.00675865,424.9486
53,-0.01528023,418.4553
54,0.00642897,421.1456
55,-0.00133258,420.5844
56,0.01305298,426.0742
57,0.01059373,430.5880
58,0.02890998,443.0362
59,0.00905940,447.0499
60,0.01833168,455.2451
61,0.00673229,458.3099
62,-0.00153172,457.6079
63,0.00017863,457.6896
64,0.01042040,462.4590
65,0.00339959,464.0311
66,0.00311140,465.4749
67,-0.01186180,459.9535
68,0.00562395,462.5403
69,0.00286052,463.8634
70,0.00666106,466.9532
71,-0.00062457,466.6616
72,0.00903531,470.8780
73,-0.00959554,466.3597
74,0.01855396,475.0125
75,0.01307698,481.2242
76,-0.00507493,478.7820
77,0.01158794,484.3301
78,0.01331489,490.7789
79,0.02903329,505.0279
80,-0.01594586,496.9748
81,-0.01127913,491.3693
82,0.02562542,503.9609
83,-0.00713902,500.3631
84,0.00551517,503.1227
85,-0.02723906,489.4181
86,-0.00335621,487.7755
87,0.00844468,491.8946
88,0.00909508,496.3684
89,-0.00705209,492.8680
90,-0.03381046,476.2039
91,-0.00313232,474.7123
92,0.00639899,477.7499
93,-0.00642891,474.6785
94,-0.00786486,470.9452
95,0.01481471,477.9222
96,-0.00170641,477.1066
97,-0.00525082,474.6014
98,0.01015077,479.4190
99,0.01628767,487.2276
100,0.00932582,491.7714
101,0.01131751,497.3370
102,-0.00941850,492.6529
103,0.01195451,498.5423
104,0.00735813,502.2106
105,0.00162791,503.0282
106,-0.00482964,500.5987
107,0.00369759,502.4498
108,0.02533920,515.1814
109,-0.00512991,512.5386
110,0.00552990,515.3729
111,0.00529671,518.1027
112,0.00994994,523.2578
113,-0.00075205,522.8642
114,0.00916273,527.6551
115,0.00240975,528.9266
116,0.02177950,540.4464
117,0.01126305,546.5334
118,0.00358582,548.4932
119,0.00953542,553.7233
120,0.01191400,560.3204
121,0.01416137,568.2553
122,0.00065825,568.6294
123,-0.02870133,552.3089
124,0.01941074,563.0297
125,0.01367186,570.7273
126,0.00645248,574.4099
127,0.00883466,579.4846
128,-0.00206800,578.2863
129,0.00074881,578.7193
130,-0.00238457,577.3393
131,-0.02006133,565.7571
132,0.00661849,569.5016
133,-0.02214867,556.8879
134,-0.01343998,549.4033
135,-0.00337114,547.5512
136,-0.01676184,538.3732
137,0.00252706,539.7337
138,-0.01061681,534.0035
139,0.02780794,548.8530
140,-0.01726144,539.3790
141,-0.01644253,530.5103
142,0.00867854,535.1143
143,-0.00686185,531.4424
144,-0.01040238,525.9142
145,-0.00620332,522.6518
146,-0.00459128,520.2521
147,0.02160836,531.4939
148,0.00206652,532.5923
149,-0.00466024,530.1103
150,-0.00764109,526.0596
151,0.00697682,529.7299
152,0.02099468,540.8514
153,-0.01382373,533.3748
154,-0.00381311,531.3410
155,-0.02876528,516.0568
156,-0.00906060,511.3810
157,-0.00920149,506.6755
158,-0.01198769,500.6017
159,0.00165498,501.4302
160,0.00791519,505.3991
161,0.00823839,509.5627
162,0.01446559,516.9339
163,0.00329970,518.6396
164,-0.00146466,517.8800
165,0.01246878,524.3373
166,0.02091641,535.3045
167,-0.00351528,533.4228
168,0.01158222,539.6010
169,-0.01440816,531.8264
170,0.01344897,538.9789
171,-0.00670218,535.3665
172,-0.00377163,533.3473
173,-0.02613141,519.4102
174,-0.00719428,515.6734
175,0.00098479,516.1813
176,0.00172006,517.0691
177,0.00253325,518.3790
178,-0.00336396,516.6352
179,0.01613296,524.9701
180,-0.01571552,516.7199
181,0.00186885,517.6855
182,0.00887100,522.2779
183,-0.00044263,522.0468
184,0.00603604,525.1979
185,-0.01830132,515.5860
186,-0.00057912,515.2875
187,0.01256799,521.7636
188,0.01003650,527.0003
189,0.01600002,535.4323
190,0.00401900,537.5842
191,-0.00524220,534.7661
192,-0.00438060,532.4235
193,-0.00035202,532.2360
194,-0.00707475,528.4706
195,0.00824905,532.8300
196,-0.02052002,521.8963
197,-0.00971800,516.8245
198,-0.00833485,512.5169
199,-0.01165409,506.5439
200,0.00411398,508.6279
201,0.00117255,509.2242
202,0.00200441,510.2449
203,0.00414443,512.3596
204,0.02962973,527.5407
205,-0.01866281,517.6953
206,-0.01937778,507.6635
207,-0.00242535,506.4323
208,0.00811266,510.5408
209,0.01570391,518.5583
210,0.01167202,524.6109
211,0.00996917,529.8408
212,0.00586332,532.9474
213,0.00022142,533.0654
214,-0.02808177,518.0960
215,-0.01509729,510.2742
216,-0.01642355,501.8937
217,0.00230622,503.0511
218,0.00520806,505.6711
219,0.01475142,513.1304
220,-0.00053944,512.8536
221,0.00488337,515.3581
222,0.00417082,517.5075
223,-0.01229524,511.1447
224,0.01336906,517.9782
225,-0.00367416,516.0751
226,0.01162971,522.0769
227,0.00600340,525.2111
228,-0.01582106,516.9017
229,0.00135063,517.5998
230,-0.00106938,517.0463
231,-0.01227927,510.6974
232,0.00612362,513.8247
233,-0.02725269,499.8216
234,-0.01328451,493.1817
235,-0.00003253,493.1657
236,0.00200391,494.1539
237,0.00330579,495.7875
238,-0.00288947,494.3549
239,0.00613728,497.3889
240,0.00759858,501.1684
241,0.00536787,503.8586
242,-0.00519920,501.2389
243,0.00268593,502.5852
244,0.01738246,511.3214
245,0.01686795,519.9463
246,-0.03810264,500.1350
247,0.00092316,500.5967
248,0.01280861,507.0086
249,-0.02177257,495.9698
250,-0.00585985,493.0634
251,0.02163024,503.7285
252,-0.01114787,498.1130
253,-0.01891177,488.6928
254,0.00229913,489.8164
255,-0.01094780,484.4540
256,0.00804161,488.3498
257,0.00854613,492.5233
258,0.01461360,499.7208
259,-0.00209382,498.6745
260,0.01209906,504.7080
261,-0.00388703,502.7462
262,0.00912670,507.3346
263,-0.00486950,504.8641
264,-0.00743124,501.1123
265,0.00040425,501.3149
266,0.00696825,504.8082
267,0.00681377,508.2478
268,0.01467687,515.7073
269,0.01079135,521.2725
270,0.00676493,524.7989
271,-0.01967305,514.4745
272,0.01568877,522.5460
273,0.00599739,525.6799
274,0.00269633,527.0973
275,0.02187038,538.6251
276,0.00415088,540.8609
277,-0.02376581,528.0069
278,0.00295541,529.5674
279,0.02498749,542.7999
280,0.00739608,546.8145
281,0.00308039,548.4989
282,0.00302701,550.1592
283,0.01032973,555.8422
284,0.00118594,556.5014
285,0.00415356,558.8129
286,0.00537202,561.8148
287,0.01559300,570.5752
288,0.00154122,571.4546
289,0.01903271,582.3309
290,-0.01605806,572.9798
291,0.01145177,579.5415
292,0.00185946,580.6191
293,0.03881627,603.1566
294,0.02189018,616.3598
295,-0.00921271,610.6814
296,0.01819884,621.7951
297,-0.01037306,615.3452
298,-0.01027671,609.0215
299,0.00998441,615.1022
300,-0.01478316,606.0090
301,-0.01214799,598.6473
302,0.00266260,600.2412
303,-0.01793194,589.4777
304,-0.00061156,589.1172
305,-0.00770656,584.5772
306,0.02312498,598.0955
307,0.00642497,601.9382
308,0.02825130,618.9438
309,-0.00615528,615.1340
310,0.02758646,632.1034
311,-0.00337102,629.9725
312,0.00930049,635.8316
313,-0.00970022,629.6639
314,0.00317404,631.6625
315,-0.00804282,626.5821
316,-0.00994600,620.3501
317,-0.00196814,619.1292
318,0.00300345,620.9887
319,0.00251627,622.5513
320,-0.00857301,617.2142
321,0.00281672,618.9527
322,-0.00404396,616.4497
323,-0.02314932,602.1793
324,0.01042648,608.4579
325,-0.02244042,594.8038
326,0.01254141,602.2635
327,0.01729017,612.6767
328,-0.00504885,609.5834
329,-0.01501646,600.4296
330,0.01354524,608.5626
331,-0.00645200,604.6362
332,-0.01643797,594.6972
333,0.00709879,598.9188
334,-0.00095187,598.3487
335,-0.03066937,579.9977
336,0.00394903,582.2882
337,0.01991914,593.8868
338,0.00636853,597.6690
339,0.00879268,602.9241
340,-0.01357233,594.7410
341,-0.00223205,593.4135
342,-0.00879544,588.1942
343,0.01433938,596.6286
344,0.00505150,599.6424
345,0.02787977,616.3603
346,-0.00686599,612.1284
347,0.00503586,615.2110
348,-0.01932079,603.3246
349,0.00928381,608.9258
350,0.01954381,620.8265
351,0.02311209,635.1751
352,0.00592447,638.9382
353,0.00568844,642.5727
354,0.01440775,651.8308
355,0.00172031,652.9521
356,0.00486304,656.1274
357,-0.00862751,650.4667
358,-0.02828117,632.0707
359,-0.01363211,623.4543
360,0.01301632,631.5694
361,0.00310972,633.5334
362,-0.00539587,630.1149
363,0.00763697,634.9271
364,0.02296982,649.5112
365,-0.00726399,644.7932
366,0.00623281,648.8120
367,0.01604429,659.2218
368,0.02202780,673.7430
369,-0.00461008,670.6370
370,-0.00841756,664.9919
371,0.00045333,665.2933
372,-0.00970327,658.8378
373,0.00651047,663.1271
374,0.02385870,678.9485
375,0.01023484,685.8974
376,-0.00448613,682.8204
377,-0.01038650,675.7283
378,0.00623404,679.9408
379,-0.00955884,673.4413
380,0.00458388,676.5283
381,-0.00163659,675.4211
382,-0.00925156,669.1724
383,0.02507077,685.9491
384,-0.00259289,684.1705
385,-0.01241757,675.6748
386,-0.01594830,664.8989
387,-0.01791096,652.9899
388,0.00448993,655.9218
389,0.00643949,660.1456
390,-0.01333256,651.3442
391,0.00139790,652.2547
392,0.02030504,665.4988
393,-0.00113246,664.7451
394,0.01298563,673.3772
395,-0.00235833,671.7892
396,0.00375245,674.3100
397,-0.01124283,666.7289
398,-0.00900870,660.7225
399,0.00452085,663.7096
400,-0.01110272,656.3406
401,0.00517894,659.7397
402,-0.00821807,654.3179
403,-0.01759824,642.8031
404,0.00481473,645.8980
405,0.02807162,664.0294
406,0.00863446,669.7630
407,0.02922158,689.3345
408,-0.00788351,683.9001
409,-0.00385160,681.2660
410,0.00496252,684.6468
411,-0.00274242,682.7692
412,-0.00752625,677.6305
413,0.00164981,678.7485
414,0.00001557,678.7591
415,0.00611486,682.9096
416,0.01843542,695.4993
417,-0.00109647,694.7367
418,0.01839052,707.5133
419,-0.00149312,706.4569
420,-0.01934836,692.7881
421,-0.00214797,691.3000
422,-0.01072502,683.8858
423,-0.01742851,671.9667
424,0.00629612,676.1975
425,0.00887360,682.1978
426,-0.00674543,677.5961
427,-0.02125247,663.1955
428,-0.00607323,659.1677
429,0.00426853,661.9814
430,-0.00040772,661.7115
431,-0.01320705,652.9722
432,-0.01325923,644.3143
433,-0.00437367,641.4963
434,0.01179744,649.0643
435,0.00434533,651.8847
436,-0.01719759,640.6739
437,0.00647439,644.8219
438,0.01857079,656.7967
439,-0.01244274,648.6244
440,-0.00853459,643.0886
441,-0.00234676,641.5794
442,-0.00874581,635.9683
443,-0.00063157,635.5667
444,0.02141059,649.1745
445,0.00063688,649.5880
446,0.00225021,651.0497
447,0.02891627,669.8756
448,0.00913319,675.9937
449,-0.00274981,674.1348
450,0.00482653,677.3886
451,0.00684107,682.0226
452,0.00499791,685.4313
453,0.00255485,687.1825
454,0.01234987,695.6691
455,-0.00976498,688.8759
456,0.00804105,694.4152
457,-0.01686536,682.7036
458,0.00283747,684.6408
459,-0.01526118,674.1924
460,0.00750297,679.2508
461,0.01623016,690.2752
462,-0.00055219,689.8940
463,-0.00515788,686.3356
464,0.00169346,687.4979
465,-0.01812628,675.0361
466,0.01162493,682.8834
467,-0.01698889,671.2819
468,-0.00474944,668.0937
469,-0.00557544,664.3688
470,-0.02004478,651.0517
471,0.01702101,662.1332
472,0.01930446,674.9154
473,-0.01558168,664.3990
474,0.02096836,678.3304
475,-0.00015543,678.2250
476,-0.00158358,677.1509
477,-0.02619057,659.4160
478,-0.00286345,657.5278
479,-0.00127523,656.6893
480,-0.00017201,656.5763
481,-0.00928867,650.4776
482,-0.01796234,638.7935
483,0.00181229,639.9512
484,-0.00213734,638.5834
485,0.01243173,646.5221
486,-0.00931220,640.5015
487,0.01035228,647.1322
488,0.03019827,666.6744
489,-0.00218583,665.2172
490,-0.02083969,651.3543
491,0.01538581,661.3759
492,0.00615129,665.4442
493,0.01044327,672.3936
494,-0.00525148,668.8626
495,-0.01675518,657.6556
496,0.00574067,661.4310
497,0.02110833,675.3927
498,0.00502932,678.7895
499,0.01712485,690.4137
500,0.00373450,692.9920
501,0.01256674,701.7007
502,0.00299275,703.8007
503,-0.00074166,703.2787
504,-0.00842079,697.3565
505,0.00723279,702.4004
506,0.01251838,711.1933
507,-0.01511727,700.4420
508,0.00139566,701.4196
509,0.01536636,712.1978
510,0.00070079,712.6969
511,-0.02674908,693.6330
512,-0.00787915,688.1677
513,-0.00050088,687.8230
514,0.00564407,691.7051
515,-0.01908072,678.5069
516,0.01204898,686.6822
517,0.01047680,693.8765
518,0.02646273,712.2383
519,0.00530534,716.0170
520,-0.01481224,705.4112
521,0.00981010,712.3313
522,0.01510685,723.0924
523,-0.01970432,708.8444
524,-0.00045698,708.5204
525,0.02451309,725.8885
526,0.00535654,729.7767
527,-0.01945853,715.5763
528,-0.00535351,711.7455
529,-0.00245149,710.0007
530,-0.01446897,699.7277
531,0.00595219,703.8926
532,-0.00429595,700.8687
533,-0.00363029,698.3244
534,0.00702579,703.2306
535,0.00520152,706.8885
536,-0.00522121,703.1977
537,0.00295151,705.2732
538,0.01639689,716.8375
539,-0.02093507,701.8304
540,-0.01153768,693.7329
541,0.00487638,697.1158
542,-0.01462703,686.9191
543,-0.00065636,686.4682
544,-0.01343944,677.2425
545,0.00255409,678.9722
546,-0.02281900,663.4788
547,0.00578833,667.3192
548,0.01413589,676.7523
549,-0.00826725,671.1575
550,0.00226506,672.6777
551,-0.01052418,665.5983
552,-0.00098642,664.9417
553,-0.01177837,657.1098
554,0.00816732,662.4766
555,0.02904399,681.7176
556,-0.00553417,677.9449
557,-0.00074945,677.4368
558,-0.02046742,663.5714
559,-0.00264468,661.8165
560,0.00418039,664.5831
561,0.00813688,669.9907
562,0.01293767,678.6589
563,-0.00506794,675.2195
564,0.00604222,679.2993
565,0.00392006,681.9622
566,0.00655620,686.4333
567,-0.00709157,681.5654
568,0.00049220,681.9008
569,0.01633573,693.0402
570,-0.00490551,689.6405
571,0.00807389,695.2086
572,-0.00523423,691.5697
573,-0.01069049,684.1765
574,0.01360941,693.4877
575,0.00698399,698.3310
576,-0.00310204,696.1648
577,0.02620503,714.4078
578,0.02774507,734.2291
579,-0.00007620,734.1731
580,0.00918292,740.9150
581,0.01093699,749.0183
582,0.01569827,760.7766
583,-0.00288431,758.5823
584,0.02587343,778.2095
585,-0.00230226,776.4178
586,0.00123589,777.3774
587,-0.00318364,774.9025
588,0.00710604,780.4090
589,0.01545873,792.4731
590,-0.01999534,776.6273
591,-0.00347236,773.9306
592,0.01716458,787.2148
593,-0.01205855,777.7221
594,0.01690366,790.8685
595,-0.03218834,765.4117
596,-0.01376565,754.8753
597,-0.02287687,737.6062
598,0.00277039,739.6496
599,0.00889912,746.2318
600,0.01854695,760.0722
601,0.01522283,771.6426
602,-0.01179586,762.5404
603,0.01459566,773.6702
604,-0.01592978,761.3458
605,0.01458707,772.4516
606,0.01332631,782.7456
607,-0.01375954,771.9753
608,-0.01165192,762.9803
609,0.01724389,776.1371
610,0.01653352,788.9694
611,-0.01595080,776.3847
612,-0.00748081,770.5767
613,0.00041450,770.8961
614,-0.02819035,749.1643
615,-0.03676014,721.6249
616,0.00906207,728.1643
617,0.00277937,730.1881
618,0.00374417,732.9221
619,0.02018444,747.7157
620,-0.01445338,736.9087
621,-0.00810171,730.9385
622,-0.01018106,723.4967
623,0.01092144,731.3984
624,-0.00441648,728.1682
625,-0.01284237,718.8168
626,-0.01960629,704.7234
627,0.00137397,705.6917
628,-0.00585271,701.5615
629,-0.00268050,699.6810
630,-0.00577402,695.6410
631,-0.00607853,691.4125
632,-0.00957226,684.7941
633,0.01350389,694.0415
634,-0.01561266,683.2057
635,0.01033321,690.2654
636,-0.00412625,687.4172
637,-0.02295673,671.6363
638,-0.00560794,667.8698
639,0.01202722,675.9024
640,0.01014186,682.7574
641,-0.00832858,677.0710
642,0.02238238,692.2254
643,-0.00141294,691.2473
644,0.01183009,699.4249
645,0.01882859,712.5940
646,-0.00489630,709.1050
647,0.01224363,717.7870
648,0.01566441,729.0307
649,0.00935303,735.8493
650,0.00749044,741.3612
651,-0.02236496,724.7807
652,0.00805972,730.6222
653,0.00838849,736.7510
654,0.01385158,746.9562
655,0.02184093,763.2704
656,0.00287323,765.4634
657,0.01365676,775.9172
658,0.00239257,777.7736
659,-0.01261177,767.9645
660,0.00874264,774.6786
661,0.01025331,782.6216
662,0.01082218,791.0913
663,-0.00003220,791.0658
664,0.00854716,797.8271
665,0.00040232,798.1481
666,-0.02285115,779.9095
667,0.00143080,781.0254
668,-0.00580747,776.4896
669,-0.02069793,760.4179
670,-0.00142493,759.3344
671,-0.00464384,755.8081
672,-0.01488848,744.5553
673,-0.00311806,742.2337
674,-0.00671476,737.2498
675,-0.03003861,715.1039
676,0.01463027,725.5660
677,-0.00406975,722.6132
678,0.00648819,727.3016
679,0.02365537,744.5062
680,-0.00539781,740.4875
681,-0.00687615,735.3958
682,0.01211254,744.3033
683,0.01791195,757.6352
684,-0.02797844,736.4378
685,0.00754897,741.9971
686,0.00528264,745.9168
687,0.01291339,755.5491
688,0.00101794,756.3182
689,0.02324404,773.8981
690,-0.01311393,763.7493
691,0.02204683,780.5875
692,-0.00537686,776.3904
693,0.00516779,780.4026
694,0.00615822,785.2085
695,-0.00034286,784.9393
696,0.00218850,786.6572
697,-0.00358945,783.8335
698,0.00401655,786.9818
699,0.00593364,791.6515
700,-0.00355817,788.8346
701,0.00673292,794.1458
702,-0.00484714,790.2965
703,0.02085421,806.7775
704,0.00116781,807.7196
705,0.01851419,822.6739
706,-0.01548173,809.9375
707,-0.01058037,801.3681
708,0.01816575,815.9255
709,0.00076888,816.5529
710,-0.01184703,806.8791
711,-0.00150764,805.6626
712,0.00927312,813.1337
713,-0.00034566,812.8526
714,0.00625675,817.9384
715,0.01510355,830.2922
716,0.00247315,832.3456
717,-0.00659935,826.8527
718,-0.00102294,826.0069
719,-0.01469377,813.8697
720,-0.01089947,804.9990
721,0.01647450,818.2609
722,0.02386642,837.7899
723,-0.00819924,830.9206
724,0.00371479,834.0073
725,0.00110816,834.9315
726,-0.03223090,808.0209
727,-0.00709601,802.2872
728,0.02709518,824.0253
729,0.01633187,837.4832
730,0.00546061,842.0564
731,-0.00402018,838.6711
732,-0.00491207,834.5515
733,-0.01431117,822.6081
734,-0.02111607,805.2379
735,-0.02030286,788.8892
736,-0.00246650,786.9434
737,0.01549614,799.1380
738,0.01710143,812.8044
739,0.00149844,814.0224
740,0.00001333,814.0332
741,-0.02180222,796.2855
742,-0.00850056,789.5166
743,0.01093287,798.1483
744,0.00106187,798.9958
745,-0.00385714,795.9140
746,0.01882882,810.9001
747,0.00027248,811.1211
748,-0.00749805,805.0392
749,0.00004656,805.0767
750,0.01118462,814.0812
751,0.00347113,816.9070
752,0.02271859,835.4660
753,-0.01226755,825.2168
754,0.00584618,830.0412
755,-0.01792069,815.1663
756,0.00516497,819.3766
757,-0.00105619,818.5112
758,0.01746894,832.8097
759,0.01359068,844.1281
760,0.00773860,850.6605
761,0.00036377,850.9700
762,-0.01050864,842.0274
763,-0.00830162,835.0372
764,-0.01615779,821.5449
765,-0.00260357,819.4059
766,0.00137098,820.5293
767,0.00685326,826.1526
768,-0.00469248,822.2759
769,0.00731535,828.2911
770,0.02534514,849.2843
771,0.00243532,851.3526
772,0.00035119,851.6516
773,-0.00434587,847.9504
774,-0.01638792,834.0542
775,0.01095339,843.1900
776,-0.01145605,833.5303
777,-0.02121517,815.8469
778,0.01311309,826.5451
779,0.01133549,835.9144
780,0.00459149,839.7525
781,-0.00738145,833.5539
782,-0.00270690,831.2976
783,0.01169559,841.0201
784,0.01826095,856.3779
785,0.01634259,870.3734
786,0.00539454,875.0686
787,0.00260184,877.3454
788,-0.00131978,876.1875
789,0.01956371,893.3290
790,-0.00262647,890.9827
791,0.00314198,893.7821
792,0.01921724,910.9581
793,0.00220428,912.9662
794,0.00349787,916.1596
795,0.00178211,917.7923
796,-0.00415572,913.9782
797,-0.00750018,907.1232
798,-0.02165931,887.4755
799,-0.00737336,880.9319
800,-0.01511476,867.6168
801,0.00499125,871.9473
802,-0.03227437,843.8057
803,0.00285396,846.2139
804,0.00014102,846.3332
805,-0.00550846,841.6713
806,-0.00506702,837.4065
807,-0.00843746,830.3409
808,0.00715070,836.2784
809,0.01454893,848.4454
810,0.00336993,851.3046
811,-0.03080352,825.0814
812,-0.00738105,818.9914
813,0.00439356,822.5897
814,-0.01381374,811.2267
815,0.00257252,813.3136
816,-0.00414768,809.9402
817,0.00176653,811.3710
818,-0.00809079,804.8064
819,-0.01289975,794.4246
820,-0.00707528,788.8038
821,0.02715751,810.2257
822,-0.00117853,809.2709
823,-0.00503122,805.1992
824,0.01383389,816.3383
825,0.01853581,831.4698
826,0.00349668,834.3772
827,-0.00442063,830.6887
828,0.00203638,832.3803
829,-0.00099608,831.5512
830,0.00514471,835.8293
831,0.01704975,850.0799
832,-0.00930437,842.1705
833,-0.00427311,838.5718
834,-0.00264544,836.3534
835,0.01692772,850.5110
836,-0.00834619,843.4124
837,0.00066060,843.9696
838,0.01490193,856.5464
839,0.01595096,870.2091
840,-0.01252691,859.3081
841,-0.00774598,852.6519
842,-0.00983471,844.2663
843,-0.01332615,833.0155
844,-0.00341890,830.1675
845,0.02136574,847.9046
846,-0.00790819,841.1992
847,-0.01379698,829.5932
848,0.01887808,845.2543
849,0.00567653,850.0525
850,-0.01318330,838.8460
851,-0.00120324,837.8366
852,-0.01119445,828.4575
853,-0.00583140,823.6265
854,-0.03314622,796.3263
855,0.00362340,799.2118
856,-0.02051111,782.8190
857,-0.01725458,769.3118
858,-0.00462851,765.7511
859,0.00556795,770.0147
860,0.00202649,771.5752
861,0.00238173,773.4128
862,0.00583251,777.9238
863,-0.01293251,767.8633
864,-0.00977926,760.3541
865,0.00445181,763.7391
866,0.00993775,771.3289
867,0.01581553,783.5279
868,0.00070704,784.0819
869,-0.00659627,778.9099
870,0.01000981,786.7066
871,-0.01780422,772.6999
872,-0.00106984,771.8733
873,-0.00641776,766.9196
874,-0.00205190,765.3459
875,0.00978216,772.8327
876,0.00076489,773.4238
877,-0.00664353,768.2855
878,-0.00504500,764.4095
879,0.01169830,773.3518
880,-0.01283828,763.4233
881,0.00535951,767.5149
882,-0.00683104,762.2720
883,0.00438433,765.6140
884,-0.00335318,763.0468
885,0.00476845,766.6853
886,-0.00558718,762.4017
887,-0.00314943,760.0006
888,0.01557744,771.8395
889,0.00861227,778.4867
890,0.01187999,787.7352
891,-0.00247802,785.7831
892,-0.00659902,780.5977
893,0.01305453,790.7881
894,0.01410645,801.9433
895,0.01254496,812.0036
896,-0.00657159,806.6675
897,-0.01430827,795.1255
898,0.01160596,804.3536
899,0.01194577,813.9623
900,0.01005254,822.1447
901,0.00276889,824.4211
902,-0.01133017,815.0803
903,-0.00235146,813.1636
904,-0.00419375,809.7534
905,-0.00612961,804.7899
906,-0.00753215,798.7281
907,0.00617194,803.6578
908,-0.00232885,801.7863
909,-0.00898928,794.5788
910,0.00477377,798.3719
911,0.00679682,803.7983
912,-0.00381676,800.7304
913,0.00498271,804.7202
914,0.02215727,822.5506
915,-0.01169912,812.9275
916,-0.00979904,804.9616
917,-0.02077170,788.2412
918,-0.01359167,777.5276
919,-0.01174778,768.3934
920,-0.02331735,750.4765
921,-0.00553093,746.3257
922,-0.01757654,733.2079
923,0.01653268,745.3298
924,0.00374349,748.1199
925,0.02574244,767.3783
926,-0.01943115,752.4673
927,-0.02654021,732.4966
928,0.00077284,733.0627
929,-0.00309680,730.7926
930,-0.02369184,713.4788
931,-0.00975472,706.5190
932,-0.00143153,705.5076
933,0.00649373,710.0890
934,-0.01133928,702.0371
935,-0.01940150,688.4165
936,-0.00634616,684.0477
937,0.01324835,693.1102
938,-0.01747528,680.9979
939,0.01958886,694.3379
940,0.00992258,701.2275
941,-0.00470235,697.9301
942,0.00387008,700.6311
943,0.01715071,712.6474
944,-0.01411822,702.5861
945,-0.03543108,677.6928
946,0.00213747,679.1413
947,0.04005489,706.3442
948,-0.01339456,696.8831
949,-0.00782036,691.4332
950,0.02817020,710.9110
951,-0.01036439,703.5428
952,-0.00788280,697.9969
953,-0.01004006,690.9890
954,-0.01210111,682.6273
955,0.00014840,682.7286
956,-0.00884070,676.6928
957,-0.01175598,668.7376
958,0.01771321,680.5831
959,0.00217386,682.0626
960,0.01351541,691.2809
961,0.00819272,696.9444
962,0.00232851,698.5672
963,-0.00473739,695.2579
964,-0.00390834,692.5406
965,-0.00722358,687.5379
966,0.00781822,692.9133
967,-0.01309733,683.8379
968,-0.01380343,674.3986
969,-0.00132337,673.5062
970,-0.00173458,672.3379
971,0.00580250,676.2391
972,0.00952555,682.6807
973,0.02005057,696.3688
974,0.00136767,697.3212
975,0.01152803,705.3600
976,0.00548141,709.2263
977,-0.01578313,698.0325
978,0.01959317,711.7092
979,0.00952916,718.4912
980,-0.01128784,710.3810
981,-0.00563483,706.3781
982,0.00810399,712.1026
983,-0.00879458,705.8399
984,0.01144107,713.9155
985,0.00617276,718.3223
986,-0.01352348,708.6081
987,-0.00274149,706.6655
988,0.00167860,707.8517
989,-0.01072441,700.2604
990,0.00446202,703.3850
991,-0.00413296,700.4779
992,0.03655876,726.0865
993,0.00593874,730.3986
994,0.00074233,730.9408
995,-0.03765340,703.4184
996,-0.01382252,693.6953
997,0.01383683,703.2939
998,-0.00237620,701.6227
999,0.00431669,704.6514
1000,-0.00839945,698.7327
1001,-0.00236749,697.0785
1002,-0.01581347,686.0553
1003,-0.00730724,681.0421
1004,0.01396460,690.5526
1005,-0.00803756,685.0022
1006,-0.00067679,684.5386
1007,0.00548102,688.2906
1008,-0.00150804,687.2526
1009,0.00913287,693.5292
1010,0.00764952,698.8344
1011,0.00789479,704.3515
1012,0.00636016,708.8313
1013,0.01001174,715.9279
1014,-0.00890493,709.5526
1015,0.00662792,714.2555
1016,-0.01542977,703.2347
1017,-0.00148670,702.1892
1018,-0.00792847,696.6219
1019,0.01896098,709.8306
1020,0.01389716,719.6952
1021,0.03736237,746.5847
1022,0.01557365,758.2118
1023,-0.00808313,752.0830
1024,-0.00946843,744.9620
1025,-0.00166221,743.7237
1026,-0.01938357,729.3077
1027,0.00032074,729.5416
1028,-0.00763638,723.9705
1029,-0.01442200,713.5294
1030,0.00740375,718.8122
1031,0.03134013,741.3399
1032,-0.00537546,737.3549
1033,0.00554967,741.4469
1034,-0.02678375,721.5882
1035,0.00786963,727.2668
1036,-0.00580882,723.0423
1037,0.01173435,731.5267
1038,-0.01459764,720.8481
1039,0.00501266,724.4615
1040,-0.02162262,708.7967
1041,-0.00615047,704.4373
1042,0.01769250,716.9006
1043,0.00412281,719.8562
1044,0.01572991,731.1795
1045,-0.01078278,723.2953
1046,0.00640115,727.9253
1047,0.00342531,730.4186
1048,0.00986411,737.6236
1049,0.00276163,739.6606
1050,-0.00634671,734.9662
1051,-0.02684547,715.2357
1052,0.02649374,734.1849
1053,-0.00928001,727.3717
1054,-0.00910346,720.7501
1055,-0.00637139,716.1579
1056,0.00698588,721.1609
1057,0.02921550,742.2300
1058,-0.00205749,740.7029
1059,0.01601471,752.5650
1060,0.01848433,766.4757
1061,0.01908311,781.1024
1062,-0.00339012,778.4544
1063,-0.00399673,775.3431
1064,-0.00553166,771.0542
1065,0.02463764,790.0511
1066,-0.00487833,786.1970
1067,0.00902558,793.2929
1068,-0.01626513,780.3899
1069,-0.00374900,777.4642
1070,0.00793168,783.6308
1071,-0.00410146,780.4167
1072,0.01438680,791.6444
1073,-0.01665059,778.4631
1074,-0.01866600,763.9323
1075,0.00878054,770.6400
1076,0.00619243,775.4122
1077,-0.01940807,760.3629
1078,0.01371877,770.7942
1079,0.00308483,773.1719
1080,0.00321131,775.6548
1081,-0.01339774,765.2628
1082,-0.01471272,754.0037
1083,0.01271398,763.5901
1084,0.00839474,770.0002
1085,-0.00893097,763.1234
1086,0.02217589,780.0463
1087,-0.01350721,769.5101
1088,-0.00024679,769.3202
1089,0.00124536,770.2783
1090,0.01045760,778.3335
1091,0.00509817,782.3016
1092,-0.00035038,782.0275
1093,-0.00195921,780.4953
1094,0.00220131,782.2135
1095,-0.01106603,773.5575
1096,-0.00458159,770.0133
1097,-0.01108101,761.4808
1098,-0.00826551,755.1868
1099,0.00673322,760.2716
1100,-0.00381753,757.3693
1101,-0.00785416,751.4208
1102,-0.00363158,748.6919
1103,-0.00524420,744.7656
1104,0.00951214,751.8499
1105,-0.01209437,742.7568
1106,-0.00113383,741.9146
1107,-0.01211743,732.9245
1108,-0.00386375,730.0927
1109,0.00341852,732.5885
1110,-0.01710098,720.0605
1111,-0.00850606,713.9357
1112,-0.01864121,700.6270
1113,-0.01287887,691.6038
1114,-0.00289489,689.6016
1115,-0.00254836,687.8443
1116,0.01481567,698.0352
1117,0.01598127,709.1907
1118,0.00616366,713.5619
1119,0.01109903,721.4817
1120,0.00176641,722.7561
1121,0.00638008,727.3674
1122,0.00550326,731.3703
1123,-0.00314417,729.0707
1124,0.00873987,735.4427
1125,0.00196327,736.8866
1126,0.00131946,737.8589
1127,-0.01059832,730.0388
1128,-0.00634454,725.4070
1129,-0.01626247,713.6101
1130,0.01164845,721.9226
1131,0.01977998,736.2022
1132,0.00774665,741.9053
1133,0.00841775,748.1505
1134,-0.00335107,745.6434
1135,-0.00254338,743.7469
1136,-0.01048261,735.9505
1137,0.01220227,744.9308
1138,-0.02785759,724.1788
1139,-0.00699373,719.1141
1140,0.00457358,722.4030
1141,-0.00390354,719.5831
1142,0.01604694,731.1302
1143,-0.01788103,718.0568
1144,0.00403094,720.9513
1145,0.02571649,739.4916
1146,0.00189536,740.8932
1147,0.02196299,757.1654
1148,-0.00765852,751.3667
1149,-0.01895325,737.1258
1150,-0.00294241,734.9569
1151,-0.02743836,714.7909
1152,-0.00723300,709.6208
1153,-0.00155662,708.5162
1154,0.01374711,718.2563
1155,0.01011465,725.5212
1156,-0.00669645,720.6627
1157,0.01933929,734.5999
1158,0.01375399,744.7035
1159,-0.00308423,742.4067
1160,-0.00076707,741.8372
1161,-0.01347425,731.8415
1162,0.00765897,737.4467
1163,0.00231263,739.1521
1164,0.00976194,746.3677
1165,-0.01943846,731.8594
1166,0.00701398,736.9927
1167,-0.01146284,728.5447
1168,-0.01576466,717.0594
1169,0.00696644,722.0547
1170,0.01708418,734.3905
1171,-0.01193966,725.6221
1172,-0.00115684,724.7827
1173,-0.01814712,711.6299
1174,0.01724636,723.9030
1175,0.02795987,744.1432
1176,0.01485749,755.1993
1177,-0.00044747,754.8614
1178,0.00046543,755.2127
1179,-0.00401016,752.1842
1180,0.00577769,756.5301
1181,-0.00577079,752.1643
1182,-0.02662884,732.1350
1183,0.01890552,745.9764
1184,-0.00352195,743.3491
1185,-0.00981013,736.0568
1186,-0.01844373,722.4812
1187,0.00276964,724.4822
1188,0.01702368,736.8155
1189,0.00058121,737.2438
1190,0.01546126,748.6425
1191,0.00434689,751.8968
1192,0.01618022,764.0626
1193,0.01505658,775.5668
1194,-0.00409157,772.3935
1195,-0.01441200,761.2618
1196,0.00347746,763.9090
1197,-0.00655554,758.9012
1198,-0.01455285,747.8570
1199,0.02040347,763.1159
1200,-0.00569380,758.7709
1201,0.01904737,773.2234
1202,-0.00558081,768.9082
1203,0.01797656,782.7306
1204,0.04358740,816.8477
1205,0.00816637,823.5184
1206,-0.02434488,803.4700
1207,-0.00662915,798.1436
1208,0.01070010,806.6839
1209,-0.00751714,800.6199
1210,0.02881237,823.6877
1211,-0.00071559,823.0982
1212,0.01105663,832.1989
1213,0.00901912,839.7046
1214,0.00145469,840.9261
1215,0.00118091,841.9192
1216,-0.01961498,825.4050
1217,0.00388418,828.6110
1218,0.00857117,835.7132
1219,-0.01097034,826.5451
1220,0.01099200,835.6305
1221,-0.00837131,828.6352
1222,0.01163107,838.2731
1223,-0.00861851,831.0484
1224,0.00465769,834.9192
1225,0.00303986,837.4572
1226,0.00080838,838.1342
1227,-0.00211408,836.3623
1228,-0.01092091,827.2285
1229,-0.00870328,820.0289
1230,0.01298532,830.6772
1231,0.00141551,831.8530
1232,-0.01214131,821.7533
1233,-0.00070172,821.1766
1234,-0.02163453,803.4108
1235,-0.00435891,799.9088
1236,0.00036955,800.2045
1237,0.01597988,812.9916
1238,0.00915999,820.4386
1239,-0.00733991,814.4167
1240,0.02242703,832.6816
1241,0.02282240,851.6854
1242,-0.01777566,836.5462
1243,-0.00055161,836.0847
1244,0.00787137,842.6658
1245,-0.00724821,836.5580
1246,0.01213623,846.7107
1247,0.00284121,849.1164
1248,-0.00055590,848.6443
1249,0.01637368,862.5398
1250,0.01518510,875.6375
1251,-0.01643146,861.2495
1252,-0.01943096,844.5146
1253,-0.00102652,843.6477
1254,0.02608880,865.6575
1255,0.02464155,886.9886
1256,-0.00813383,879.7740
1257,-0.00355067,876.6502
1258,-0.00844523,869.2467
1259,0.01254595,880.1522
1260,-0.02067815,861.9523
1261,-0.01744088,846.9191
1262,-0.00483704,842.8225
1263,-0.00624230,837.5613
1264,-0.01183927,827.6452
1265,-0.01872086,812.1510
1266,-0.01493138,800.0245
1267,0.01930770,815.4711
1268,0.00516815,819.6856
1269,-0.01395040,808.2506
1270,-0.00557275,803.7464
1271,-0.01030389,795.4647
1272,0.01658440,808.6570
1273,-0.01969289,792.7322
1274,0.00605746,797.5342
1275,0.02099381,814.2775
1276,-0.00175653,812.8472
1277,-0.00202530,811.2009
1278,-0.00132585,810.1254
1279,-0.00672418,804.6779
1280,-0.01122272,795.6473
1281,0.01201223,805.2048
1282,0.00804972,811.6864
1283,0.00218743,813.4620
1284,-0.01605402,800.4026
1285,0.01163746,809.7173
1286,0.02305154,828.3825
1287,0.02563508,849.6182
1288,-0.00361403,846.5476
1289,-0.02512436,825.2786
1290,0.01256064,835.6447
1291,0.00600209,840.6603
1292,0.00113359,841.6132
1293,0.01356376,853.0287
1294,0.00645428,858.5344
1295,0.00435359,862.2721
1296,0.00774103,868.9469
1297,-0.00305407,866.2931
1298,0.01187635,876.5815
1299,-0.00341994,873.5837
1300,-0.00593852,868.3959
1301,-0.02179043,849.4732
1302,-0.00527428,844.9928
1303,0.01098063,854.2714
1304,0.00129621,855.3787
1305,0.00198757,857.0788
1306,-0.02327632,837.1292
1307,-0.01858089,821.5746
1308,0.00392637,824.8004
1309,-0.01025779,816.3397
1310,-0.01288924,805.8177
1311,0.03122121,830.9763
1312,-0.01078711,822.0125
1313,-0.00739811,815.9312
1314,-0.01360639,804.8293
1315,-0.02891752,781.5556
1316,0.01457243,792.9448
1317,-0.00320264,790.4053
1318,-0.00197690,788.8427
1319,0.00075182,789.4358
1320,0.01103688,798.1487
1321,-0.01457124,786.5187
1322,-0.00969444,778.8938
1323,-0.02255555,761.3254
1324,0.05020143,799.5451
1325,0.00697842,805.1246
1326,0.01043900,813.5293
1327,-0.00982835,805.5337
1328,0.00029272,805.7695
1329,-0.01337838,794.9896
1330,-0.01490721,783.1385
1331,-0.01143161,774.1860
1332,0.00299665,776.5059
1333,-0.01077288,768.1407
1334,0.00264303,770.1709
1335,0.01387986,780.8608
1336,-0.00235214,779.0241
1337,-0.00899710,772.0151
1338,0.01325314,782.2468
1339,-0.01032823,774.1676
1340,0.00377799,777.0923
1341,-0.01226065,767.5647
1342,-0.02172520,750.8892
1343,-0.00822073,744.7163
1344,-0.00010476,744.6383
1345,0.00329030,747.0884
1346,-0.02500808,728.4051
1347,0.02300857,745.1647
1348,-0.01750779,732.1185
1349,0.00697703,737.2265
1350,0.01182670,745.9455
1351,0.00099626,746.6887
1352,-0.00021401,746.5289
1353,0.00578075,750.8444
1354,-0.00805388,744.7971
1355,0.00319914,747.1799
1356,-0.01354050,737.0627
1357,-0.00189855,735.6633
1358,-0.00190361,734.2629
1359,0.00514172,738.0383
1360,0.00571781,742.2582
1361,-0.02195801,725.9597
1362,0.00592559,730.2615
1363,-0.00142549,729.2205
1364,0.01545306,740.4892
1365,-0.02229358,723.9810
1366,-0.01141328,715.7180
1367,0.00390445,718.5125
1368,0.01247687,727.4773
1369,0.01966869,741.7858
1370,-0.00356132,739.1441
1371,-0.01350243,729.1638
1372,-0.00402741,726.2272
1373,-0.00865861,719.9391
1374,0.00338811,722.3783
1375,0.00039207,722.6615
1376,-0.01355831,712.8635
1377,0.00403707,715.7413
1378,-0.00193119,714.3591
1379,0.01600680,725.7937
1380,0.00457975,729.1177
1381,-0.01642860,717.1393
1382,-0.00884057,710.7994
1383,-0.00658687,706.1174
1384,-0.00911969,699.6778
1385,0.01746705,711.8991
1386,-0.02285052,695.6319
1387,0.00733655,700.7354
1388,-0.00279047,698.7800
1389,-0.01040861,691.5067
1390,-0.03172815,669.5665
1391,-0.01037295,662.6211
1392,0.00596004,666.5703
1393,-0.00312172,664.4895
1394,-0.00816806,659.0619
1395,-0.00470509,655.9610
1396,0.00285681,657.8349
1397,0.00990370,664.3499
1398,0.00894099,670.2899
1399,-0.00039435,670.0255
1400,-0.02051110,656.2826
1401,-0.00957870,649.9962
1402,0.00651256,654.2294
1403,-0.00142949,653.2942
1404,-0.00218933,651.8639
1405,-0.00100043,651.2117
1406,0.02030525,664.4348
1407,0.00804724,669.7816
1408,0.00046973,670.0962
1409,0.01513777,680.2400
1410,0.02168314,694.9897
1411,0.00583321,699.0438
1412,0.00437387,702.1013
1413,0.01099180,709.8186
1414,-0.01728972,697.5461
1415,-0.00525829,693.8782
1416,-0.02013412,679.9075
1417,-0.00000900,679.9014
1418,-0.00403990,677.1547
1419,0.00740249,682.1673
1420,-0.00086842,681.5749
1421,0.00030336,681.7817
1422,0.00866991,687.6927
1423,0.00452586,690.8051
1424,0.00889231,696.9479
1425,0.00416289,699.8492
1426,-0.00340757,697.4644
1427,0.00032805,697.6932
1428,-0.01778848,685.2823
1429,0.00074643,685.7939
1430,-0.00961150,679.2024
1431,-0.01821040,666.8338
1432,0.00635606,671.0722
1433,0.00681236,675.6438
1434,0.03361032,698.3524
1435,-0.03095946,676.7318
1436,0.01761869,688.6549
1437,-0.00478870,685.3572
1438,0.01010829,692.2850
1439,-0.00141112,691.3081
1440,-0.00963555,684.6469
1441,0.00038150,684.9081
1442,-0.02428349,668.2762
1443,-0.00812434,662.8469
1444,0.00717830,667.6050
1445,-0.00982404,661.0464
1446,-0.00810557,655.6883
1447,-0.00807556,650.3932
1448,0.01825350,662.2652
1449,0.00617133,666.3522
1450,0.00647596,670.6675
1451,-0.01512419,660.5242
1452,0.02356724,676.0909
1453,-0.00857360,670.2944
1454,0.00506478,673.6893
1455,-0.00978486,667.0973
1456,0.00082225,667.6458
1457,0.00299938,669.6484
1458,0.00902034,675.6888
1459,-0.01979859,662.3111
1460,0.00293292,664.2536
1461,0.02391583,680.1398
1462,0.02250344,695.4453
1463,-0.00015602,695.3368
1464,-0.00470146,692.0677
1465,-0.00631382,687.6981
1466,0.00133985,688.6195
1467,0.01236138,697.1318
1468,0.00994948,704.0679
1469,0.00751082,709.3560
1470,0.00836307,715.2884
1471,-0.00639328,710.7154
1472,0.00054481,711.1026
1473,0.00032379,711.3328
1474,0.00229906,712.9682
1475,-0.00951167,706.1867
1476,-0.00366342,703.5997
1477,-0.00115593,702.7863
1478,-0.00491655,699.3311
1479,0.00114323,700.1306
1480,-0.01343917,690.7214
1481,0.01165183,698.7695
1482,-0.01359658,689.2687
1483,-0.00563063,685.3877
1484,0.01575809,696.1880
1485,0.02089036,710.7317
1486,0.02037156,725.2104
1487,-0.00728178,719.9296
1488,0.01220949,728.7195
1489,0.00963865,735.7434
1490,-0.00411057,732.7191
1491,-0.01081336,724.7959
1492,-0.00240808,723.0506
1493,0.02159478,738.6647
1494,-0.01309698,728.9904
1495,0.00088956,729.6389
1496,0.00048363,729.9917
1497,0.01294784,739.4436
1498,-0.01958085,724.9646
1499,-0.00075370,724.4182
